<?xml version="1.0" encoding="UTF-8"?>
<project-private xmlns="http://www.netbeans.org/ns/project-private/1">
    <editor-bookmarks xmlns="http://www.netbeans.org/ns/editor-bookmarks/2" lastBookmarkId="0"/>
    <open-files xmlns="http://www.netbeans.org/ns/projectui-open-files/2">
        <group>
            <file>file:/D:/Documents/College/S2020/CS491/Project/Repo/CS491-492_Project/HearthstoneLite/src/game/MainMenu.java</file>
            <file>file:/D:/Documents/College/S2020/CS491/Project/Repo/CS491-492_Project/HearthstoneLite/src/game/DeckView_E.java</file>
            <file>file:/D:/Documents/College/S2020/CS491/Project/Repo/CS491-492_Project/HearthstoneLite/src/game/Field.java</file>
            <file>file:/D:/Documents/College/S2020/CS491/Project/Repo/CS491-492_Project/HearthstoneLite/src/game/DeckView_C.java</file>
            <file>file:/D:/Documents/College/S2020/CS491/Project/Repo/CS491-492_Project/HearthstoneLite/src/game/DeckView_D.java</file>
            <file>file:/D:/Documents/College/S2020/CS491/Project/Repo/CS491-492_Project/HearthstoneLite/src/game/Cards.java</file>
            <file>file:/D:/Documents/College/S2020/CS491/Project/Repo/CS491-492_Project/HearthstoneLite/src/game/DeckBuilder.java</file>
            <file>file:/D:/Documents/College/S2020/CS491/Project/Repo/CS491-492_Project/HearthstoneLite/src/game/Decks.java</file>
        </group>
    </open-files>
</project-private>
